{"data":{"Year":[2016,2020,2021,2022,2013,2023,2019,2017,2018,2021,2022,2023,2022,2023,2021,2021,2022,2023],"Territorio":[null,null,null,null,null,null,null,null,null,"ES211","ES211","ES211","ES213","ES213","ES213","ES212","ES212","ES212"],"Units":["M3","M3","M3","M3","M3","M3","M3","M3","M3","M3","M3","M3","M3","M3","M3","M3","M3","M3"],"Value":[180637435.0,163675651.0,176421751.0,178506380.0,177555343.0,180064405.0,178194264.0,180334331.0,179965484.0,33005213.6999999993,34289283.299999997,30181664.0,80667418.700000003,86372241.0,80592250.200000003,62824287.1000000015,63549678.200000003,63510500.0]},"edges":[]}