{"Year":[2013,2015,2021,2012,2018,2020,2019,2011,2014,2017,2022,2010,2016,2010,2015,2018,2022,2014,2020,2021,2017,2019,2012,2013,2011,2016,2010,2011,2012,2013,2014,2016,2015,2017,2021,2019,2020,2018,2022,2010,2011,2012,2013,2014,2015,2016,2017,2018,2019,2020,2021,2022,2011,2012,2020,2013,2014,2015,2016,2010,2017,2018,2019,2021,2022],"Series":["EN_ATM_GHGT_AIP","EN_ATM_GHGT_AIP","EN_ATM_GHGT_AIP","EN_ATM_GHGT_AIP","EN_ATM_GHGT_AIP","EN_ATM_GHGT_AIP","EN_ATM_GHGT_AIP","EN_ATM_GHGT_AIP","EN_ATM_GHGT_AIP","EN_ATM_GHGT_AIP","EN_ATM_GHGT_AIP","EN_ATM_GHGT_AIP","EN_ATM_GHGT_AIP","EN_ATM_GHGGDP","EN_ATM_GHGGDP","EN_ATM_GHGGDP","EN_ATM_GHGGDP","EN_ATM_GHGGDP","EN_ATM_GHGGDP","EN_ATM_GHGGDP","EN_ATM_GHGGDP","EN_ATM_GHGGDP","EN_ATM_GHGGDP","EN_ATM_GHGGDP","EN_ATM_GHGGDP","EN_ATM_GHGGDP","EN_ATM_GHGPC","EN_ATM_GHGPC","EN_ATM_GHGPC","EN_ATM_GHGPC","EN_ATM_GHGPC","EN_ATM_GHGPC","EN_ATM_GHGPC","EN_ATM_GHGPC","EN_ATM_GHGPC","EN_ATM_GHGPC","EN_ATM_GHGPC","EN_ATM_GHGPC","EN_ATM_GHGPC","EU_GHG_TV1990","EU_GHG_TV1990","EU_GHG_TV1990","EU_GHG_TV1990","EU_GHG_TV1990","EU_GHG_TV1990","EU_GHG_TV1990","EU_GHG_TV1990","EU_GHG_TV1990","EU_GHG_TV1990","EU_GHG_TV1990","EU_GHG_TV1990","EU_GHG_TV1990","EU_GHG_TV2005","EU_GHG_TV2005","EU_GHG_TV2005","EU_GHG_TV2005","EU_GHG_TV2005","EU_GHG_TV2005","EU_GHG_TV2005","EU_GHG_TV2005","EU_GHG_TV2005","EU_GHG_TV2005","EU_GHG_TV2005","EU_GHG_TV2005","EU_GHG_TV2005"],"Units":["TCO2E","TCO2E","TCO2E","TCO2E","TCO2E","TCO2E","TCO2E","TCO2E","TCO2E","TCO2E","TCO2E","TCO2E","TCO2E","KG_CO2_PER_GDP_EUR","KG_CO2_PER_GDP_EUR","KG_CO2_PER_GDP_EUR","KG_CO2_PER_GDP_EUR","KG_CO2_PER_GDP_EUR","KG_CO2_PER_GDP_EUR","KG_CO2_PER_GDP_EUR","KG_CO2_PER_GDP_EUR","KG_CO2_PER_GDP_EUR","KG_CO2_PER_GDP_EUR","KG_CO2_PER_GDP_EUR","KG_CO2_PER_GDP_EUR","KG_CO2_PER_GDP_EUR","T_CO2_PER_CAPITA","T_CO2_PER_CAPITA","T_CO2_PER_CAPITA","T_CO2_PER_CAPITA","T_CO2_PER_CAPITA","T_CO2_PER_CAPITA","T_CO2_PER_CAPITA","T_CO2_PER_CAPITA","T_CO2_PER_CAPITA","T_CO2_PER_CAPITA","T_CO2_PER_CAPITA","T_CO2_PER_CAPITA","T_CO2_PER_CAPITA","PT","PT","PT","PT","PT","PT","PT","PT","PT","PT","PT","PT","PT","PT","PT","PT","PT","PT","PT","PT","PT","PT","PT","PT","PT","PT"],"Value":[18730509.7600000016,19384671.8999999985,17631879.4200000018,20427113.1900000013,19040478.4400000013,16478502.6500000004,18574722.0199999996,20209426.3900000006,18756524.6499999985,19695350.6700000018,18461387.3099999987,21706181.1700000018,18688513.0700000003,0.29,0.25,0.23,0.21,0.25,0.21,0.21,0.24,0.22,0.27,0.26,0.27,0.24,10.0,9.28,9.37,8.61,8.63,8.6,8.92,9.04,8.05,8.47,7.5,8.72,8.43,4.85,-2.38,-1.33,-9.52,-9.4,-6.36,-9.73,-4.86,-8.02,-10.27,-20.4,-14.83,-10.82,-20.49,-19.63,-35.17,-26.31,-26.21,-23.73,-26.47,-14.6,-22.51,-25.09,-26.92,-30.63,-27.37]}